maxK,random-2-opt-60-1337(366)
5,13134.047475
10,34638.836231
15,61581.003387
20,91306.592958
25,122650.163767
30,155193.39362
