#ProbabilisticShared	
#Instance	Iteration	Segments	Edges	Vertices	Max k	Time	Solution value	
random-2-opt-60-1337	0	366	28404	14079	5	1570513316465	13134.047475	
random-2-opt-60-1337	0	366	28404	14079	10	3934798585953	34638.836231	
random-2-opt-60-1337	0	366	28404	14079	15	15198810902907	61581.003387	
random-2-opt-60-1337	0	366	28404	14079	20	12896246895587	91306.592958	
random-2-opt-60-1337	0	366	28404	14079	25	2445178326178	122650.163767	
random-2-opt-60-1337	0	366	28404	14079	30	2492946723270	155193.393620	
