maxK,random-2-opt-60-1337(366)
5,1570.513316465
10,3934.798585953
15,15198.810902907
20,12896.246895587
25,2445.178326178
30,2492.94672327
