Instance,Vertex,Edges,Segments,V/E
von_koch-random-55-3,9534,19369,319,2.0315712187958885
von_koch-random-55-4,10147,20591,319,2.0292697348970137
random-x-monotone-55-1337,9099,18392,304,2.0213210242883832
von_koch-random-55-5,9891,20026,319,2.024668890910929
von_koch-random-55-2,11185,22680,319,2.02771569065713
